{
  "packVersion": "2026.01.14",
  "generatedAt": "2026-01-14T10:50:25.369Z",
  "docs": {
    "intro": {
      "title": "Intro",
      "type": "index",
      "html": "docs/intro.html",
      "semester": 0
    },
    "semester_1_c_programming_handout": {
      "title": "Semester 1 C Programming Handout",
      "type": "index",
      "html": "docs/semester_1_c_programming_handout.html",
      "semester": 1
    },
    "semester_1_c_programming": {
      "title": "Semester 1 C Programming",
      "type": "index",
      "html": "docs/semester_1_c_programming.html",
      "semester": 1
    },
    "semester_1_c_programming_notes": {
      "title": "Semester 1 C Programming Notes",
      "type": "index",
      "html": "docs/semester_1_c_programming_notes.html",
      "semester": 1
    },
    "semester_1_c_programming_notes_program_reference": {
      "title": "Semester 1 C Programming Notes Program Reference",
      "type": "index",
      "html": "docs/semester_1_c_programming_notes_program_reference.html",
      "semester": 1
    },
    "semester_1_c_programming_notes_unit1": {
      "title": "Semester 1 C Programming Notes Unit1",
      "type": "index",
      "html": "docs/semester_1_c_programming_notes_unit1.html",
      "semester": 1
    },
    "semester_1_c_programming_notes_unit2_data_types": {
      "title": "Semester 1 C Programming Notes Unit2 Data Types",
      "type": "index",
      "html": "docs/semester_1_c_programming_notes_unit2_data_types.html",
      "semester": 1
    },
    "semester_1_c_programming_notes_unit3_decision_making": {
      "title": "Semester 1 C Programming Notes Unit3 Decision Making",
      "type": "index",
      "html": "docs/semester_1_c_programming_notes_unit3_decision_making.html",
      "semester": 1
    },
    "semester_1_c_programming_notes_unit4_loops": {
      "title": "Semester 1 C Programming Notes Unit4 Loops",
      "type": "index",
      "html": "docs/semester_1_c_programming_notes_unit4_loops.html",
      "semester": 1
    },
    "semester_1_c_programming_notes_unit5_arrays": {
      "title": "Semester 1 C Programming Notes Unit5 Arrays",
      "type": "index",
      "html": "docs/semester_1_c_programming_notes_unit5_arrays.html",
      "semester": 1
    },
    "semester_1_c_programming_pyq": {
      "title": "Semester 1 C Programming Pyq",
      "type": "index",
      "html": "docs/semester_1_c_programming_pyq.html",
      "semester": 1
    },
    "semester_1_cfoa_handout": {
      "title": "Semester 1 Cfoa Handout",
      "type": "index",
      "html": "docs/semester_1_cfoa_handout.html",
      "semester": 1
    },
    "semester_1_cfoa": {
      "title": "Semester 1 Cfoa",
      "type": "index",
      "html": "docs/semester_1_cfoa.html",
      "semester": 1
    },
    "semester_1_cfoa_notes": {
      "title": "Semester 1 Cfoa Notes",
      "type": "index",
      "html": "docs/semester_1_cfoa_notes.html",
      "semester": 1
    },
    "semester_1_cfoa_notes_intro": {
      "title": "Semester 1 Cfoa Notes Intro",
      "type": "index",
      "html": "docs/semester_1_cfoa_notes_intro.html",
      "semester": 1
    },
    "semester_1_cfoa_pyq": {
      "title": "Semester 1 Cfoa Pyq",
      "type": "index",
      "html": "docs/semester_1_cfoa_pyq.html",
      "semester": 1
    },
    "semester_1_digital_logic_design_handout": {
      "title": "Semester 1 Digital Logic Design Handout",
      "type": "index",
      "html": "docs/semester_1_digital_logic_design_handout.html",
      "semester": 1
    },
    "semester_1_digital_logic_design": {
      "title": "Semester 1 Digital Logic Design",
      "type": "index",
      "html": "docs/semester_1_digital_logic_design.html",
      "semester": 1
    },
    "semester_1_digital_logic_design_notes": {
      "title": "Semester 1 Digital Logic Design Notes",
      "type": "index",
      "html": "docs/semester_1_digital_logic_design_notes.html",
      "semester": 1
    },
    "semester_1_digital_logic_design_notes_intro": {
      "title": "Semester 1 Digital Logic Design Notes Intro",
      "type": "index",
      "html": "docs/semester_1_digital_logic_design_notes_intro.html",
      "semester": 1
    },
    "semester_1_digital_logic_design_pyq": {
      "title": "Semester 1 Digital Logic Design Pyq",
      "type": "index",
      "html": "docs/semester_1_digital_logic_design_pyq.html",
      "semester": 1
    },
    "semester_1_english_communication_skills_handout": {
      "title": "Semester 1 English Communication Skills Handout",
      "type": "index",
      "html": "docs/semester_1_english_communication_skills_handout.html",
      "semester": 1
    },
    "semester_1_english_communication_skills": {
      "title": "Semester 1 English Communication Skills",
      "type": "index",
      "html": "docs/semester_1_english_communication_skills.html",
      "semester": 1
    },
    "semester_1_english_communication_skills_notes": {
      "title": "Semester 1 English Communication Skills Notes",
      "type": "index",
      "html": "docs/semester_1_english_communication_skills_notes.html",
      "semester": 1
    },
    "semester_1_english_communication_skills_pyq": {
      "title": "Semester 1 English Communication Skills Pyq",
      "type": "index",
      "html": "docs/semester_1_english_communication_skills_pyq.html",
      "semester": 1
    },
    "semester_1_environmental_science_handout": {
      "title": "Semester 1 Environmental Science Handout",
      "type": "index",
      "html": "docs/semester_1_environmental_science_handout.html",
      "semester": 1
    },
    "semester_1_environmental_science": {
      "title": "Semester 1 Environmental Science",
      "type": "index",
      "html": "docs/semester_1_environmental_science.html",
      "semester": 1
    },
    "semester_1_environmental_science_notes_env_science_guide": {
      "title": "Semester 1 Environmental Science Notes Env Science Guide",
      "type": "index",
      "html": "docs/semester_1_environmental_science_notes_env_science_guide.html",
      "semester": 1
    },
    "semester_1_environmental_science_notes": {
      "title": "Semester 1 Environmental Science Notes",
      "type": "index",
      "html": "docs/semester_1_environmental_science_notes.html",
      "semester": 1
    },
    "semester_1_environmental_science_notes_intro": {
      "title": "Semester 1 Environmental Science Notes Intro",
      "type": "index",
      "html": "docs/semester_1_environmental_science_notes_intro.html",
      "semester": 1
    },
    "semester_1_environmental_science_notes_unit_1": {
      "title": "Semester 1 Environmental Science Notes Unit 1",
      "type": "index",
      "html": "docs/semester_1_environmental_science_notes_unit_1.html",
      "semester": 1
    },
    "semester_1_environmental_science_pyq": {
      "title": "Semester 1 Environmental Science Pyq",
      "type": "index",
      "html": "docs/semester_1_environmental_science_pyq.html",
      "semester": 1
    },
    "semester_1_fmca_handout": {
      "title": "Semester 1 Fmca Handout",
      "type": "index",
      "html": "docs/semester_1_fmca_handout.html",
      "semester": 1
    },
    "semester_1_fmca": {
      "title": "Semester 1 Fmca",
      "type": "index",
      "html": "docs/semester_1_fmca.html",
      "semester": 1
    },
    "semester_1_fmca_notes": {
      "title": "Semester 1 Fmca Notes",
      "type": "index",
      "html": "docs/semester_1_fmca_notes.html",
      "semester": 1
    },
    "semester_1_fmca_notes_intro": {
      "title": "Semester 1 Fmca Notes Intro",
      "type": "index",
      "html": "docs/semester_1_fmca_notes_intro.html",
      "semester": 1
    },
    "semester_1_fmca_pyq": {
      "title": "Semester 1 Fmca Pyq",
      "type": "index",
      "html": "docs/semester_1_fmca_pyq.html",
      "semester": 1
    },
    "semester_1": {
      "title": "Semester 1",
      "type": "index",
      "html": "docs/semester_1.html",
      "semester": 1
    },
    "semester_1_psychology_handout": {
      "title": "Semester 1 Psychology Handout",
      "type": "index",
      "html": "docs/semester_1_psychology_handout.html",
      "semester": 1
    },
    "semester_1_psychology": {
      "title": "Semester 1 Psychology",
      "type": "index",
      "html": "docs/semester_1_psychology.html",
      "semester": 1
    },
    "semester_1_psychology_notes": {
      "title": "Semester 1 Psychology Notes",
      "type": "index",
      "html": "docs/semester_1_psychology_notes.html",
      "semester": 1
    },
    "semester_1_psychology_notes_intro": {
      "title": "Semester 1 Psychology Notes Intro",
      "type": "index",
      "html": "docs/semester_1_psychology_notes_intro.html",
      "semester": 1
    },
    "semester_1_psychology_notes_methods_of_psychology": {
      "title": "Semester 1 Psychology Notes Methods Of Psychology",
      "type": "index",
      "html": "docs/semester_1_psychology_notes_methods_of_psychology.html",
      "semester": 1
    },
    "semester_1_psychology_notes_scope_of_psychology": {
      "title": "Semester 1 Psychology Notes Scope Of Psychology",
      "type": "index",
      "html": "docs/semester_1_psychology_notes_scope_of_psychology.html",
      "semester": 1
    },
    "semester_1_psychology_pyq": {
      "title": "Semester 1 Psychology Pyq",
      "type": "index",
      "html": "docs/semester_1_psychology_pyq.html",
      "semester": 1
    },
    "semester_1_shared_resources_handout": {
      "title": "Semester 1 Shared Resources Handout",
      "type": "index",
      "html": "docs/semester_1_shared_resources_handout.html",
      "semester": 1
    },
    "semester_1_shared_resources": {
      "title": "Semester 1 Shared Resources",
      "type": "index",
      "html": "docs/semester_1_shared_resources.html",
      "semester": 1
    },
    "semester_1_shared_resources_notes": {
      "title": "Semester 1 Shared Resources Notes",
      "type": "index",
      "html": "docs/semester_1_shared_resources_notes.html",
      "semester": 1
    },
    "semester_1_shared_resources_notes_intro": {
      "title": "Semester 1 Shared Resources Notes Intro",
      "type": "index",
      "html": "docs/semester_1_shared_resources_notes_intro.html",
      "semester": 1
    },
    "semester_1_shared_resources_pyq": {
      "title": "Semester 1 Shared Resources Pyq",
      "type": "index",
      "html": "docs/semester_1_shared_resources_pyq.html",
      "semester": 1
    },
    "semester_1_understanding_india_handout": {
      "title": "Semester 1 Understanding India Handout",
      "type": "index",
      "html": "docs/semester_1_understanding_india_handout.html",
      "semester": 1
    },
    "semester_1_understanding_india": {
      "title": "Semester 1 Understanding India",
      "type": "index",
      "html": "docs/semester_1_understanding_india.html",
      "semester": 1
    },
    "semester_1_understanding_india_notes": {
      "title": "Semester 1 Understanding India Notes",
      "type": "index",
      "html": "docs/semester_1_understanding_india_notes.html",
      "semester": 1
    },
    "semester_1_understanding_india_notes_intro": {
      "title": "Semester 1 Understanding India Notes Intro",
      "type": "index",
      "html": "docs/semester_1_understanding_india_notes_intro.html",
      "semester": 1
    },
    "semester_1_understanding_india_pyq": {
      "title": "Semester 1 Understanding India Pyq",
      "type": "index",
      "html": "docs/semester_1_understanding_india_pyq.html",
      "semester": 1
    },
    "semester_2_computer_programming_ii_assignments": {
      "title": "Semester 2 Computer Programming Ii Assignments",
      "type": "index",
      "html": "docs/semester_2_computer_programming_ii_assignments.html",
      "semester": 2
    },
    "semester_2_computer_programming_ii_handout": {
      "title": "Semester 2 Computer Programming Ii Handout",
      "type": "index",
      "html": "docs/semester_2_computer_programming_ii_handout.html",
      "semester": 2
    },
    "semester_2_computer_programming_ii": {
      "title": "Semester 2 Computer Programming Ii",
      "type": "index",
      "html": "docs/semester_2_computer_programming_ii.html",
      "semester": 2
    },
    "semester_2_computer_programming_ii_miscactivities": {
      "title": "Semester 2 Computer Programming Ii Miscactivities",
      "type": "index",
      "html": "docs/semester_2_computer_programming_ii_miscactivities.html",
      "semester": 2
    },
    "semester_2_computer_programming_ii_notes": {
      "title": "Semester 2 Computer Programming Ii Notes",
      "type": "index",
      "html": "docs/semester_2_computer_programming_ii_notes.html",
      "semester": 2
    },
    "semester_2_discrete_mathematics_assignments": {
      "title": "Semester 2 Discrete Mathematics Assignments",
      "type": "index",
      "html": "docs/semester_2_discrete_mathematics_assignments.html",
      "semester": 2
    },
    "semester_2_discrete_mathematics_handout": {
      "title": "Semester 2 Discrete Mathematics Handout",
      "type": "index",
      "html": "docs/semester_2_discrete_mathematics_handout.html",
      "semester": 2
    },
    "semester_2_discrete_mathematics": {
      "title": "Semester 2 Discrete Mathematics",
      "type": "index",
      "html": "docs/semester_2_discrete_mathematics.html",
      "semester": 2
    },
    "semester_2_discrete_mathematics_miscactivities": {
      "title": "Semester 2 Discrete Mathematics Miscactivities",
      "type": "index",
      "html": "docs/semester_2_discrete_mathematics_miscactivities.html",
      "semester": 2
    },
    "semester_2_discrete_mathematics_notes": {
      "title": "Semester 2 Discrete Mathematics Notes",
      "type": "index",
      "html": "docs/semester_2_discrete_mathematics_notes.html",
      "semester": 2
    },
    "semester_2_extras": {
      "title": "Semester 2 Extras",
      "type": "index",
      "html": "docs/semester_2_extras.html",
      "semester": 2
    },
    "semester_2_functional_english_assignments": {
      "title": "Semester 2 Functional English Assignments",
      "type": "index",
      "html": "docs/semester_2_functional_english_assignments.html",
      "semester": 2
    },
    "semester_2_functional_english_handout": {
      "title": "Semester 2 Functional English Handout",
      "type": "index",
      "html": "docs/semester_2_functional_english_handout.html",
      "semester": 2
    },
    "semester_2_functional_english": {
      "title": "Semester 2 Functional English",
      "type": "index",
      "html": "docs/semester_2_functional_english.html",
      "semester": 2
    },
    "semester_2_functional_english_miscactivities": {
      "title": "Semester 2 Functional English Miscactivities",
      "type": "index",
      "html": "docs/semester_2_functional_english_miscactivities.html",
      "semester": 2
    },
    "semester_2_functional_english_notes": {
      "title": "Semester 2 Functional English Notes",
      "type": "index",
      "html": "docs/semester_2_functional_english_notes.html",
      "semester": 2
    },
    "semester_2_linux_shell_programming_assignments": {
      "title": "Semester 2 Linux Shell Programming Assignments",
      "type": "index",
      "html": "docs/semester_2_linux_shell_programming_assignments.html",
      "semester": 2
    },
    "semester_2_linux_shell_programming_handout": {
      "title": "Semester 2 Linux Shell Programming Handout",
      "type": "index",
      "html": "docs/semester_2_linux_shell_programming_handout.html",
      "semester": 2
    },
    "semester_2_linux_shell_programming": {
      "title": "Semester 2 Linux Shell Programming",
      "type": "index",
      "html": "docs/semester_2_linux_shell_programming.html",
      "semester": 2
    },
    "semester_2_linux_shell_programming_miscactivities": {
      "title": "Semester 2 Linux Shell Programming Miscactivities",
      "type": "index",
      "html": "docs/semester_2_linux_shell_programming_miscactivities.html",
      "semester": 2
    },
    "semester_2_linux_shell_programming_notes": {
      "title": "Semester 2 Linux Shell Programming Notes",
      "type": "index",
      "html": "docs/semester_2_linux_shell_programming_notes.html",
      "semester": 2
    },
    "semester_2_multimedia_system_assignments": {
      "title": "Semester 2 Multimedia System Assignments",
      "type": "index",
      "html": "docs/semester_2_multimedia_system_assignments.html",
      "semester": 2
    },
    "semester_2_multimedia_system_handout": {
      "title": "Semester 2 Multimedia System Handout",
      "type": "index",
      "html": "docs/semester_2_multimedia_system_handout.html",
      "semester": 2
    },
    "semester_2_multimedia_system": {
      "title": "Semester 2 Multimedia System",
      "type": "index",
      "html": "docs/semester_2_multimedia_system.html",
      "semester": 2
    },
    "semester_2_multimedia_system_miscactivities": {
      "title": "Semester 2 Multimedia System Miscactivities",
      "type": "index",
      "html": "docs/semester_2_multimedia_system_miscactivities.html",
      "semester": 2
    },
    "semester_2_multimedia_system_notes": {
      "title": "Semester 2 Multimedia System Notes",
      "type": "index",
      "html": "docs/semester_2_multimedia_system_notes.html",
      "semester": 2
    },
    "semester_2_statistics_assignments": {
      "title": "Semester 2 Statistics Assignments",
      "type": "index",
      "html": "docs/semester_2_statistics_assignments.html",
      "semester": 2
    },
    "semester_2_statistics_handout": {
      "title": "Semester 2 Statistics Handout",
      "type": "index",
      "html": "docs/semester_2_statistics_handout.html",
      "semester": 2
    },
    "semester_2_statistics": {
      "title": "Semester 2 Statistics",
      "type": "index",
      "html": "docs/semester_2_statistics.html",
      "semester": 2
    },
    "semester_2_statistics_miscactivities": {
      "title": "Semester 2 Statistics Miscactivities",
      "type": "index",
      "html": "docs/semester_2_statistics_miscactivities.html",
      "semester": 2
    },
    "semester_2_statistics_notes": {
      "title": "Semester 2 Statistics Notes",
      "type": "index",
      "html": "docs/semester_2_statistics_notes.html",
      "semester": 2
    },
    "semester_2_technical_report_writing_assignments": {
      "title": "Semester 2 Technical Report Writing Assignments",
      "type": "index",
      "html": "docs/semester_2_technical_report_writing_assignments.html",
      "semester": 2
    },
    "semester_2_technical_report_writing_handout": {
      "title": "Semester 2 Technical Report Writing Handout",
      "type": "index",
      "html": "docs/semester_2_technical_report_writing_handout.html",
      "semester": 2
    },
    "semester_2_technical_report_writing": {
      "title": "Semester 2 Technical Report Writing",
      "type": "index",
      "html": "docs/semester_2_technical_report_writing.html",
      "semester": 2
    },
    "semester_2_technical_report_writing_miscactivities": {
      "title": "Semester 2 Technical Report Writing Miscactivities",
      "type": "index",
      "html": "docs/semester_2_technical_report_writing_miscactivities.html",
      "semester": 2
    },
    "semester_2_technical_report_writing_notes": {
      "title": "Semester 2 Technical Report Writing Notes",
      "type": "index",
      "html": "docs/semester_2_technical_report_writing_notes.html",
      "semester": 2
    }
  },
  "sidebarTree": [
    {
      "id": "sem1",
      "title": "Semester 1",
      "items": [
        {
          "id": "s1_c",
          "title": "C"
        },
        {
          "id": "s1_cfoa",
          "title": "CFOA",
          "docId": "semester_1_cfoa"
        },
        {
          "id": "s1_digital",
          "title": "Digital"
        },
        {
          "id": "s1_english",
          "title": "English"
        },
        {
          "id": "s1_environmental",
          "title": "Environmental"
        },
        {
          "id": "s1_fmca",
          "title": "Fmca",
          "docId": "semester_1_fmca"
        },
        {
          "id": "s1_psychology",
          "title": "Psychology",
          "docId": "semester_1_psychology"
        },
        {
          "id": "s1_shared",
          "title": "Shared"
        },
        {
          "id": "s1_understanding",
          "title": "Understanding"
        }
      ]
    },
    {
      "id": "sem2",
      "title": "Semester 2",
      "items": [
        {
          "id": "s2_computer",
          "title": "Computer"
        },
        {
          "id": "s2_discrete",
          "title": "Discrete"
        },
        {
          "id": "s2_extras",
          "title": "Extras",
          "docId": "semester_2_extras"
        },
        {
          "id": "s2_functional",
          "title": "Functional"
        },
        {
          "id": "s2_linux",
          "title": "Linux"
        },
        {
          "id": "s2_multimedia",
          "title": "Multimedia"
        },
        {
          "id": "s2_statistics",
          "title": "Statistics",
          "docId": "semester_2_statistics"
        },
        {
          "id": "s2_technical",
          "title": "Technical"
        }
      ]
    }
  ],
  "indexGraph": {
    "semester_1_c_programming": [
      "semester_1_c_programming_handout",
      "semester_1_c_programming_notes",
      "semester_1_c_programming_pyq"
    ],
    "semester_1_c_programming_notes": [
      "semester_1_c_programming_notes_program_reference",
      "semester_1_c_programming_notes_unit1",
      "semester_1_c_programming_notes_unit2_data_types",
      "semester_1_c_programming_notes_unit3_decision_making",
      "semester_1_c_programming_notes_unit4_loops",
      "semester_1_c_programming_notes_unit5_arrays"
    ],
    "semester_1_cfoa": [
      "semester_1_cfoa_handout",
      "semester_1_cfoa_notes",
      "semester_1_cfoa_pyq"
    ],
    "semester_1_cfoa_notes": [
      "semester_1_cfoa_notes_intro"
    ],
    "semester_1_digital_logic_design": [
      "semester_1_digital_logic_design_handout",
      "semester_1_digital_logic_design_notes",
      "semester_1_digital_logic_design_pyq"
    ],
    "semester_1_digital_logic_design_notes": [
      "semester_1_digital_logic_design_notes_intro"
    ],
    "semester_1_english_communication_skills": [
      "semester_1_english_communication_skills_handout",
      "semester_1_english_communication_skills_notes",
      "semester_1_english_communication_skills_pyq"
    ],
    "semester_1_environmental_science": [
      "semester_1_environmental_science_handout",
      "semester_1_environmental_science_notes",
      "semester_1_environmental_science_pyq"
    ],
    "semester_1_environmental_science_notes": [
      "semester_1_environmental_science_notes_env_science_guide",
      "semester_1_environmental_science_notes_intro",
      "semester_1_environmental_science_notes_unit_1"
    ],
    "semester_1_fmca": [
      "semester_1_fmca_handout",
      "semester_1_fmca_notes",
      "semester_1_fmca_pyq"
    ],
    "semester_1_fmca_notes": [
      "semester_1_fmca_notes_intro"
    ],
    "semester_1": [
      "semester_1_c_programming",
      "semester_1_cfoa",
      "semester_1_digital_logic_design",
      "semester_1_english_communication_skills",
      "semester_1_environmental_science",
      "semester_1_fmca",
      "semester_1_psychology",
      "semester_1_shared_resources",
      "semester_1_understanding_india"
    ],
    "semester_1_psychology": [
      "semester_1_psychology_handout",
      "semester_1_psychology_notes",
      "semester_1_psychology_pyq"
    ],
    "semester_1_psychology_notes": [
      "semester_1_psychology_notes_intro",
      "semester_1_psychology_notes_methods_of_psychology",
      "semester_1_psychology_notes_scope_of_psychology"
    ],
    "semester_1_shared_resources": [
      "semester_1_shared_resources_handout",
      "semester_1_shared_resources_notes",
      "semester_1_shared_resources_pyq"
    ],
    "semester_1_shared_resources_notes": [
      "semester_1_shared_resources_notes_intro"
    ],
    "semester_1_understanding_india": [
      "semester_1_understanding_india_handout",
      "semester_1_understanding_india_notes",
      "semester_1_understanding_india_pyq"
    ],
    "semester_1_understanding_india_notes": [
      "semester_1_understanding_india_notes_intro"
    ],
    "semester_2_computer_programming_ii": [
      "semester_2_computer_programming_ii_assignments",
      "semester_2_computer_programming_ii_handout",
      "semester_2_computer_programming_ii_miscactivities",
      "semester_2_computer_programming_ii_notes"
    ],
    "semester_2_discrete_mathematics": [
      "semester_2_discrete_mathematics_assignments",
      "semester_2_discrete_mathematics_handout",
      "semester_2_discrete_mathematics_miscactivities",
      "semester_2_discrete_mathematics_notes"
    ],
    "semester_2_functional_english": [
      "semester_2_functional_english_assignments",
      "semester_2_functional_english_handout",
      "semester_2_functional_english_miscactivities",
      "semester_2_functional_english_notes"
    ],
    "semester_2_linux_shell_programming": [
      "semester_2_linux_shell_programming_assignments",
      "semester_2_linux_shell_programming_handout",
      "semester_2_linux_shell_programming_miscactivities",
      "semester_2_linux_shell_programming_notes"
    ],
    "semester_2_multimedia_system": [
      "semester_2_multimedia_system_assignments",
      "semester_2_multimedia_system_handout",
      "semester_2_multimedia_system_miscactivities",
      "semester_2_multimedia_system_notes"
    ],
    "semester_2_statistics": [
      "semester_2_statistics_assignments",
      "semester_2_statistics_handout",
      "semester_2_statistics_miscactivities",
      "semester_2_statistics_notes"
    ],
    "semester_2_technical_report_writing": [
      "semester_2_technical_report_writing_assignments",
      "semester_2_technical_report_writing_handout",
      "semester_2_technical_report_writing_miscactivities",
      "semester_2_technical_report_writing_notes"
    ]
  },
  "relations": {
    "nextPrev": {}
  },
  "backlinksGraph": {}
}